sample_id,date,mode,mode_short,sample_group,claim_id,claim_text,claim_type,claim_role,entity,value,unit,support_status,support_type,trace_support_type,mismatch_type,error_type,confidence,checker_reason,supporting_evidence_ids,aligned_evidence_ids,boundary_violation_count,mode_quality_score,mode_grounding_rate,mode_unsupported_count,mode_numeric_count,report_path,quality_summary_path,trace_summary_path,boundary_summary_path,human_is_checker_correct,human_correct_label,human_comment
S001,2023-10-16,M1_direct_llm,M1,unsupported_or_mismatch,claim_0023,这些事件反映了掘进过程中刀盘负载的瞬时波动，但根据现有数据，不能将其直接归因于前方地质异常。,forward_segment,forward_attention,,,,unsupported,none,none,overclaim,E1_UNSUPPORTED_CLAIM,0.0,未找到对应的前方分段结构化证据。,,,0,69,0.7333,12,8,experiments\exp02_llm_generation_modes\outputs_real_91dates_structured_trace_v1_merged\reports\2023-10-16\M1_direct_llm\report.md,experiments\exp02_llm_generation_modes\outputs_real_91dates_structured_trace_v1_merged\reports\2023-10-16\M1_direct_llm\quality_summary.json,experiments\exp02_llm_generation_modes\outputs_real_91dates_structured_trace_v1_merged\reports\2023-10-16\M1_direct_llm\trace_summary.json,experiments\exp02_llm_generation_modes\outputs_real_91dates_structured_trace_v1_merged\reports\2023-10-16\M1_direct_llm\boundary_summary.json,,,
S002,2023-11-30,M1_direct_llm,M1,unsupported_or_mismatch,claim_0037,- **注意：** 该字段单位疑似为“%”或报警量，需结合原始数据字典确认。,unknown,general_report_claim,,,,unsupported,none,none,numeric_or_metric_mismatch,E11_HEADING_FALSE_POSITIVE,0.0,,,,1,54,0.5306,23,12,experiments\exp02_llm_generation_modes\outputs_real_91dates_structured_trace_v1_merged\reports\2023-11-30\M1_direct_llm\report.md,experiments\exp02_llm_generation_modes\outputs_real_91dates_structured_trace_v1_merged\reports\2023-11-30\M1_direct_llm\quality_summary.json,experiments\exp02_llm_generation_modes\outputs_real_91dates_structured_trace_v1_merged\reports\2023-11-30\M1_direct_llm\trace_summary.json,experiments\exp02_llm_generation_modes\outputs_real_91dates_structured_trace_v1_merged\reports\2023-11-30\M1_direct_llm\boundary_summary.json,,,
S003,2023-11-16,M1_direct_llm,M1,unsupported_or_mismatch,claim_0023,*   **数据质量：** 良好。,unknown,general_report_claim,,,,unsupported,none,none,overclaim,E11_HEADING_FALSE_POSITIVE,0.0,,,,0,74,0.7609,11,2,experiments\exp02_llm_generation_modes\outputs_real_91dates_structured_trace_v1_merged\reports\2023-11-16\M1_direct_llm\report.md,experiments\exp02_llm_generation_modes\outputs_real_91dates_structured_trace_v1_merged\reports\2023-11-16\M1_direct_llm\quality_summary.json,experiments\exp02_llm_generation_modes\outputs_real_91dates_structured_trace_v1_merged\reports\2023-11-16\M1_direct_llm\trace_summary.json,experiments\exp02_llm_generation_modes\outputs_real_91dates_structured_trace_v1_merged\reports\2023-11-16\M1_direct_llm\boundary_summary.json,,,
S004,2023-10-25,M2_raw_evidence_llm,M2,unsupported_or_mismatch,claim_0055,*   **过程监控：** 持续关注 PLC 数据中的停机比例和扭矩变化，作为判断前方地质条件变化的重要辅助指标。,forward_segment,forward_attention,PLC,,,unsupported,none,none,overclaim,E1_UNSUPPORTED_CLAIM,0.0,未找到对应的前方分段结构化证据。,,,2,69,0.7447,12,1,experiments\exp02_llm_generation_modes\outputs_real_91dates_structured_trace_v1_merged\reports\2023-10-25\M2_raw_evidence_llm\report.md,experiments\exp02_llm_generation_modes\outputs_real_91dates_structured_trace_v1_merged\reports\2023-10-25\M2_raw_evidence_llm\quality_summary.json,experiments\exp02_llm_generation_modes\outputs_real_91dates_structured_trace_v1_merged\reports\2023-10-25\M2_raw_evidence_llm\trace_summary.json,experiments\exp02_llm_generation_modes\outputs_real_91dates_structured_trace_v1_merged\reports\2023-10-25\M2_raw_evidence_llm\boundary_summary.json,,,
S005,2023-12-09,M2_raw_evidence_llm,M2,unsupported_or_mismatch,claim_0004,**工程名称：** 伯舒拉岭隧道进口右线,unknown,general_report_claim,,,,unsupported,none,none,overclaim,E11_HEADING_FALSE_POSITIVE,0.0,,,,0,69,0.7742,7,0,experiments\exp02_llm_generation_modes\outputs_real_91dates_structured_trace_v1_merged\reports\2023-12-09\M2_raw_evidence_llm\report.md,experiments\exp02_llm_generation_modes\outputs_real_91dates_structured_trace_v1_merged\reports\2023-12-09\M2_raw_evidence_llm\quality_summary.json,experiments\exp02_llm_generation_modes\outputs_real_91dates_structured_trace_v1_merged\reports\2023-12-09\M2_raw_evidence_llm\trace_summary.json,experiments\exp02_llm_generation_modes\outputs_real_91dates_structured_trace_v1_merged\reports\2023-12-09\M2_raw_evidence_llm\boundary_summary.json,,,
S006,2023-11-18,M2_raw_evidence_llm,M2,unsupported_or_mismatch,claim_0048,- 该区域未形成有效地质证据覆盖，不宜据此判断为低风险。,unknown,general_report_claim,,,,unsupported,none,none,overclaim,E11_HEADING_FALSE_POSITIVE,0.0,,,,0,74,0.6957,14,5,experiments\exp02_llm_generation_modes\outputs_real_91dates_structured_trace_v1_merged\reports\2023-11-18\M2_raw_evidence_llm\report.md,experiments\exp02_llm_generation_modes\outputs_real_91dates_structured_trace_v1_merged\reports\2023-11-18\M2_raw_evidence_llm\quality_summary.json,experiments\exp02_llm_generation_modes\outputs_real_91dates_structured_trace_v1_merged\reports\2023-11-18\M2_raw_evidence_llm\trace_summary.json,experiments\exp02_llm_generation_modes\outputs_real_91dates_structured_trace_v1_merged\reports\2023-11-18\M2_raw_evidence_llm\boundary_summary.json,,,
S007,2023-09-18,M3_twin_evidence_pack_llm,M3,unsupported_or_mismatch,claim_0055,*   **分段关注提示:**,unknown,general_report_claim,,,,unsupported,none,none,overclaim,E11_HEADING_FALSE_POSITIVE,0.0,,,,1,69,0.746,16,1,experiments\exp02_llm_generation_modes\outputs_real_91dates_structured_trace_v1_merged\reports\2023-09-18\M3_twin_evidence_pack_llm\report.md,experiments\exp02_llm_generation_modes\outputs_real_91dates_structured_trace_v1_merged\reports\2023-09-18\M3_twin_evidence_pack_llm\quality_summary.json,experiments\exp02_llm_generation_modes\outputs_real_91dates_structured_trace_v1_merged\reports\2023-09-18\M3_twin_evidence_pack_llm\trace_summary.json,experiments\exp02_llm_generation_modes\outputs_real_91dates_structured_trace_v1_merged\reports\2023-09-18\M3_twin_evidence_pack_llm\boundary_summary.json,,,
S008,2023-09-27,M3_twin_evidence_pack_llm,M3,unsupported_or_mismatch,claim_0004,**工程名称：** 伯舒拉岭隧道进口右线,unknown,general_report_claim,,,,unsupported,none,none,overclaim,E11_HEADING_FALSE_POSITIVE,0.0,,,,0,74,0.7959,10,1,experiments\exp02_llm_generation_modes\outputs_real_91dates_structured_trace_v1_merged\reports\2023-09-27\M3_twin_evidence_pack_llm\report.md,experiments\exp02_llm_generation_modes\outputs_real_91dates_structured_trace_v1_merged\reports\2023-09-27\M3_twin_evidence_pack_llm\quality_summary.json,experiments\exp02_llm_generation_modes\outputs_real_91dates_structured_trace_v1_merged\reports\2023-09-27\M3_twin_evidence_pack_llm\trace_summary.json,experiments\exp02_llm_generation_modes\outputs_real_91dates_structured_trace_v1_merged\reports\2023-09-27\M3_twin_evidence_pack_llm\boundary_summary.json,,,
S009,2023-09-29,M3_twin_evidence_pack_llm,M3,unsupported_or_mismatch,claim_0059,5.  **建议**：后续施工应重点关注掘进效率的提升，并针对前方不良地质做好充分的支护准备和应急预案。,forward_segment,forward_attention,,,,unsupported,none,none,overclaim,E1_UNSUPPORTED_CLAIM,0.0,未找到对应的前方分段结构化证据。,,,0,69,0.74,13,1,experiments\exp02_llm_generation_modes\outputs_real_91dates_structured_trace_v1_merged\reports\2023-09-29\M3_twin_evidence_pack_llm\report.md,experiments\exp02_llm_generation_modes\outputs_real_91dates_structured_trace_v1_merged\reports\2023-09-29\M3_twin_evidence_pack_llm\quality_summary.json,experiments\exp02_llm_generation_modes\outputs_real_91dates_structured_trace_v1_merged\reports\2023-09-29\M3_twin_evidence_pack_llm\trace_summary.json,experiments\exp02_llm_generation_modes\outputs_real_91dates_structured_trace_v1_merged\reports\2023-09-29\M3_twin_evidence_pack_llm\boundary_summary.json,,,
S010,2023-11-11,M4_full_twin_governance_trace_boundary_reviser,M4,unsupported_or_mismatch,claim_0061,2. 已掘区段（DK1013+960–DK1013+970）地质-施工响应耦合关注度为低等级，施工参数与地质条件基本匹配，但围岩破碎、稳定性较差的问题仍需持续关注。,geology_cell,general_report_claim,围岩破碎,1013.0,,unsupported,none,none,scope_mismatch,E1_UNSUPPORTED_CLAIM,0.0,未找到与该 DK 区段对应的 key_cell。,,,0,70,0.7593,13,1,experiments\exp02_llm_generation_modes\outputs_real_91dates_structured_trace_v1_merged\reports\2023-11-11\M4_full_twin_governance_trace_boundary_reviser\report.md,experiments\exp02_llm_generation_modes\outputs_real_91dates_structured_trace_v1_merged\reports\2023-11-11\M4_full_twin_governance_trace_boundary_reviser\quality_summary.json,experiments\exp02_llm_generation_modes\outputs_real_91dates_structured_trace_v1_merged\reports\2023-11-11\M4_full_twin_governance_trace_boundary_reviser\trace_summary.json,experiments\exp02_llm_generation_modes\outputs_real_91dates_structured_trace_v1_merged\reports\2023-11-11\M4_full_twin_governance_trace_boundary_reviser\boundary_summary.json,,,
S011,2023-12-20,M4_full_twin_governance_trace_boundary_reviser,M4,unsupported_or_mismatch,claim_0028,掌子面附近（10m对齐复核单元DK1014+480～DK1014+490）主要地质关注为明显反射异常、围岩破碎、裂隙发育，需结合现场揭示进行核查。,geology_cell,general_report_claim,围岩破碎,10.0,m,unsupported,none,none,scope_mismatch,E1_UNSUPPORTED_CLAIM,0.0,未找到与该 DK 区段对应的 key_cell。,,,0,100,0.9,5,1,experiments\exp02_llm_generation_modes\outputs_real_91dates_structured_trace_v1_merged\reports\2023-12-20\M4_full_twin_governance_trace_boundary_reviser\report.md,experiments\exp02_llm_generation_modes\outputs_real_91dates_structured_trace_v1_merged\reports\2023-12-20\M4_full_twin_governance_trace_boundary_reviser\quality_summary.json,experiments\exp02_llm_generation_modes\outputs_real_91dates_structured_trace_v1_merged\reports\2023-12-20\M4_full_twin_governance_trace_boundary_reviser\trace_summary.json,experiments\exp02_llm_generation_modes\outputs_real_91dates_structured_trace_v1_merged\reports\2023-12-20\M4_full_twin_governance_trace_boundary_reviser\boundary_summary.json,,,
S012,2023-12-17,M4_full_twin_governance_trace_boundary_reviser,M4,unsupported_or_mismatch,claim_0038,当日数值存在波动，无超限事件。,unknown,general_report_claim,,,,unsupported,none,none,overclaim,E11_HEADING_FALSE_POSITIVE,0.0,,,,0,100,0.8409,7,0,experiments\exp02_llm_generation_modes\outputs_real_91dates_structured_trace_v1_merged\reports\2023-12-17\M4_full_twin_governance_trace_boundary_reviser\report.md,experiments\exp02_llm_generation_modes\outputs_real_91dates_structured_trace_v1_merged\reports\2023-12-17\M4_full_twin_governance_trace_boundary_reviser\quality_summary.json,experiments\exp02_llm_generation_modes\outputs_real_91dates_structured_trace_v1_merged\reports\2023-12-17\M4_full_twin_governance_trace_boundary_reviser\trace_summary.json,experiments\exp02_llm_generation_modes\outputs_real_91dates_structured_trace_v1_merged\reports\2023-12-17\M4_full_twin_governance_trace_boundary_reviser\boundary_summary.json,,,
S013,2023-11-21,M1_direct_llm,M1,numeric_error,claim_0045,*   **数据基础：** 该区段共包含 8 个分析单元，用于建立地质-施工响应的背景参考。,unknown,general_report_claim,,8.0,,unsupported,none,none,overclaim,E10_NUMERIC_VALUE_UNGROUNDED,0.0,,,,1,69,0.7347,13,5,experiments\exp02_llm_generation_modes\outputs_real_91dates_structured_trace_v1_merged\reports\2023-11-21\M1_direct_llm\report.md,experiments\exp02_llm_generation_modes\outputs_real_91dates_structured_trace_v1_merged\reports\2023-11-21\M1_direct_llm\quality_summary.json,experiments\exp02_llm_generation_modes\outputs_real_91dates_structured_trace_v1_merged\reports\2023-11-21\M1_direct_llm\trace_summary.json,experiments\exp02_llm_generation_modes\outputs_real_91dates_structured_trace_v1_merged\reports\2023-11-21\M1_direct_llm\boundary_summary.json,,,
S014,2023-12-12,M1_direct_llm,M1,numeric_error,claim_0026,本日共采集 4097 条数据，时间序列连续且单调递增，里程数据无负步长或大幅跳变。,unknown,general_report_claim,,4097.0,,unsupported,none,none,overclaim,E10_NUMERIC_VALUE_UNGROUNDED,0.0,,,,0,69,0.7021,14,5,experiments\exp02_llm_generation_modes\outputs_real_91dates_structured_trace_v1_merged\reports\2023-12-12\M1_direct_llm\report.md,experiments\exp02_llm_generation_modes\outputs_real_91dates_structured_trace_v1_merged\reports\2023-12-12\M1_direct_llm\quality_summary.json,experiments\exp02_llm_generation_modes\outputs_real_91dates_structured_trace_v1_merged\reports\2023-12-12\M1_direct_llm\trace_summary.json,experiments\exp02_llm_generation_modes\outputs_real_91dates_structured_trace_v1_merged\reports\2023-12-12\M1_direct_llm\boundary_summary.json,,,
S015,2023-10-02,M2_raw_evidence_llm,M2,numeric_error,claim_0003,**日期：** 2023年10月02日,unknown,general_report_claim,,2023.0,,unsupported,none,none,overclaim,E10_NUMERIC_VALUE_UNGROUNDED,0.0,,,,0,74,0.6515,23,7,experiments\exp02_llm_generation_modes\outputs_real_91dates_structured_trace_v1_merged\reports\2023-10-02\M2_raw_evidence_llm\report.md,experiments\exp02_llm_generation_modes\outputs_real_91dates_structured_trace_v1_merged\reports\2023-10-02\M2_raw_evidence_llm\quality_summary.json,experiments\exp02_llm_generation_modes\outputs_real_91dates_structured_trace_v1_merged\reports\2023-10-02\M2_raw_evidence_llm\trace_summary.json,experiments\exp02_llm_generation_modes\outputs_real_91dates_structured_trace_v1_merged\reports\2023-10-02\M2_raw_evidence_llm\boundary_summary.json,,,
S016,2023-12-22,M2_raw_evidence_llm,M2,numeric_error,claim_0036,*   检测值范围：180.34 ~ 180.71（单位需结合原始数据字典确认，疑似为%或报警量）。,unknown,general_report_claim,,180.34,,unsupported,none,none,numeric_or_metric_mismatch,E10_NUMERIC_VALUE_UNGROUNDED,0.0,,,,1,74,0.6406,23,10,experiments\exp02_llm_generation_modes\outputs_real_91dates_structured_trace_v1_merged\reports\2023-12-22\M2_raw_evidence_llm\report.md,experiments\exp02_llm_generation_modes\outputs_real_91dates_structured_trace_v1_merged\reports\2023-12-22\M2_raw_evidence_llm\quality_summary.json,experiments\exp02_llm_generation_modes\outputs_real_91dates_structured_trace_v1_merged\reports\2023-12-22\M2_raw_evidence_llm\trace_summary.json,experiments\exp02_llm_generation_modes\outputs_real_91dates_structured_trace_v1_merged\reports\2023-12-22\M2_raw_evidence_llm\boundary_summary.json,,,
S017,2023-09-22,M3_twin_evidence_pack_llm,M3,numeric_error,claim_0029,该气体已触发超限事件，超限时段覆盖了当日大部分时间（从 10:07:00 至 23:59:40）。,unknown,general_report_claim,,10.0,,unsupported,none,none,overclaim,E10_NUMERIC_VALUE_UNGROUNDED,0.0,,,,0,79,0.8154,12,1,experiments\exp02_llm_generation_modes\outputs_real_91dates_structured_trace_v1_merged\reports\2023-09-22\M3_twin_evidence_pack_llm\report.md,experiments\exp02_llm_generation_modes\outputs_real_91dates_structured_trace_v1_merged\reports\2023-09-22\M3_twin_evidence_pack_llm\quality_summary.json,experiments\exp02_llm_generation_modes\outputs_real_91dates_structured_trace_v1_merged\reports\2023-09-22\M3_twin_evidence_pack_llm\trace_summary.json,experiments\exp02_llm_generation_modes\outputs_real_91dates_structured_trace_v1_merged\reports\2023-09-22\M3_twin_evidence_pack_llm\boundary_summary.json,,,
S018,2023-12-18,M3_twin_evidence_pack_llm,M3,numeric_error,claim_0064,*   **20-30米 (DK1014+468 ~ DK1014+478):**,unknown,general_report_claim,,20.0,,unsupported,none,none,scope_mismatch,E10_NUMERIC_VALUE_UNGROUNDED,0.0,,,,0,69,0.7424,17,5,experiments\exp02_llm_generation_modes\outputs_real_91dates_structured_trace_v1_merged\reports\2023-12-18\M3_twin_evidence_pack_llm\report.md,experiments\exp02_llm_generation_modes\outputs_real_91dates_structured_trace_v1_merged\reports\2023-12-18\M3_twin_evidence_pack_llm\quality_summary.json,experiments\exp02_llm_generation_modes\outputs_real_91dates_structured_trace_v1_merged\reports\2023-12-18\M3_twin_evidence_pack_llm\trace_summary.json,experiments\exp02_llm_generation_modes\outputs_real_91dates_structured_trace_v1_merged\reports\2023-12-18\M3_twin_evidence_pack_llm\boundary_summary.json,,,
S019,2023-11-04,M4_full_twin_governance_trace_boundary_reviser,M4,numeric_error,claim_0026,当日 PLC 数据经聚类分析识别出 3 种施工状态，聚类质量稳定：,unknown,general_report_claim,PLC,3.0,,unsupported,none,none,overclaim,E10_NUMERIC_VALUE_UNGROUNDED,0.0,,,,0,95,0.9423,3,2,experiments\exp02_llm_generation_modes\outputs_real_91dates_structured_trace_v1_merged\reports\2023-11-04\M4_full_twin_governance_trace_boundary_reviser\report.md,experiments\exp02_llm_generation_modes\outputs_real_91dates_structured_trace_v1_merged\reports\2023-11-04\M4_full_twin_governance_trace_boundary_reviser\quality_summary.json,experiments\exp02_llm_generation_modes\outputs_real_91dates_structured_trace_v1_merged\reports\2023-11-04\M4_full_twin_governance_trace_boundary_reviser\trace_summary.json,experiments\exp02_llm_generation_modes\outputs_real_91dates_structured_trace_v1_merged\reports\2023-11-04\M4_full_twin_governance_trace_boundary_reviser\boundary_summary.json,,,
S020,2023-09-17,M4_full_twin_governance_trace_boundary_reviser,M4,numeric_error,claim_0021,当日聚类分析识别出 3 种运行状态，聚类稳定：,unknown,general_report_claim,,3.0,,unsupported,none,none,overclaim,E10_NUMERIC_VALUE_UNGROUNDED,0.0,,,,0,95,0.9773,1,1,experiments\exp02_llm_generation_modes\outputs_real_91dates_structured_trace_v1_merged\reports\2023-09-17\M4_full_twin_governance_trace_boundary_reviser\report.md,experiments\exp02_llm_generation_modes\outputs_real_91dates_structured_trace_v1_merged\reports\2023-09-17\M4_full_twin_governance_trace_boundary_reviser\quality_summary.json,experiments\exp02_llm_generation_modes\outputs_real_91dates_structured_trace_v1_merged\reports\2023-09-17\M4_full_twin_governance_trace_boundary_reviser\trace_summary.json,experiments\exp02_llm_generation_modes\outputs_real_91dates_structured_trace_v1_merged\reports\2023-09-17\M4_full_twin_governance_trace_boundary_reviser\boundary_summary.json,,,
S021,2023-10-09,M3_twin_evidence_pack_llm,M3,numeric_error,claim_0048,*   **单元 DK1013+480 ～ DK1013+490：**,unknown,general_report_claim,,1013.0,,unsupported,none,none,scope_mismatch,E10_NUMERIC_VALUE_UNGROUNDED,0.0,,,,0,54,0.7969,13,2,experiments\exp02_llm_generation_modes\outputs_real_91dates_structured_trace_v1_merged\reports\2023-10-09\M3_twin_evidence_pack_llm\report.md,experiments\exp02_llm_generation_modes\outputs_real_91dates_structured_trace_v1_merged\reports\2023-10-09\M3_twin_evidence_pack_llm\quality_summary.json,experiments\exp02_llm_generation_modes\outputs_real_91dates_structured_trace_v1_merged\reports\2023-10-09\M3_twin_evidence_pack_llm\trace_summary.json,experiments\exp02_llm_generation_modes\outputs_real_91dates_structured_trace_v1_merged\reports\2023-10-09\M3_twin_evidence_pack_llm\boundary_summary.json,,,
S022,2023-10-16,M2_raw_evidence_llm,M2,numeric_error,claim_0034,*   模式转换 (transition)：0.3%,unknown,general_report_claim,,0.3,%,unsupported,none,none,numeric_or_metric_mismatch,E10_NUMERIC_VALUE_UNGROUNDED,0.0,,,,0,64,0.5529,38,19,experiments\exp02_llm_generation_modes\outputs_real_91dates_structured_trace_v1_merged\reports\2023-10-16\M2_raw_evidence_llm\report.md,experiments\exp02_llm_generation_modes\outputs_real_91dates_structured_trace_v1_merged\reports\2023-10-16\M2_raw_evidence_llm\quality_summary.json,experiments\exp02_llm_generation_modes\outputs_real_91dates_structured_trace_v1_merged\reports\2023-10-16\M2_raw_evidence_llm\trace_summary.json,experiments\exp02_llm_generation_modes\outputs_real_91dates_structured_trace_v1_merged\reports\2023-10-16\M2_raw_evidence_llm\boundary_summary.json,,,
S023,2023-11-09,M1_direct_llm,M1,grounded_control,claim_0053,PLC 数据显示掘进过程基本稳定，仅出现一次短暂的异常扭矩事件。,operation,statistical_summary,PLC,,,supported,operation_context,statistical_support,none,,1.0,找到可支撑的结构化证据。,,,0,74,0.7,15,4,experiments\exp02_llm_generation_modes\outputs_real_91dates_structured_trace_v1_merged\reports\2023-11-09\M1_direct_llm\report.md,experiments\exp02_llm_generation_modes\outputs_real_91dates_structured_trace_v1_merged\reports\2023-11-09\M1_direct_llm\quality_summary.json,experiments\exp02_llm_generation_modes\outputs_real_91dates_structured_trace_v1_merged\reports\2023-11-09\M1_direct_llm\trace_summary.json,experiments\exp02_llm_generation_modes\outputs_real_91dates_structured_trace_v1_merged\reports\2023-11-09\M1_direct_llm\boundary_summary.json,,,
S024,2023-12-06,M2_raw_evidence_llm,M2,grounded_control,claim_0043,监测期间未触发报警事件。,unknown,general_report_claim,,,,supported,recommendation_policy,policy_support,none,,1.0,建议语句未引入未支撑强灾害词，按工程建议规则通过。,,,0,69,0.7241,16,6,experiments\exp02_llm_generation_modes\outputs_real_91dates_structured_trace_v1_merged\reports\2023-12-06\M2_raw_evidence_llm\report.md,experiments\exp02_llm_generation_modes\outputs_real_91dates_structured_trace_v1_merged\reports\2023-12-06\M2_raw_evidence_llm\quality_summary.json,experiments\exp02_llm_generation_modes\outputs_real_91dates_structured_trace_v1_merged\reports\2023-12-06\M2_raw_evidence_llm\trace_summary.json,experiments\exp02_llm_generation_modes\outputs_real_91dates_structured_trace_v1_merged\reports\2023-12-06\M2_raw_evidence_llm\boundary_summary.json,,,
S025,2023-10-14,M3_twin_evidence_pack_llm,M3,grounded_control,claim_0044,*   **主要地质关注：** 稳定性较差、掉块、围岩极破碎、裂隙密集。,unknown,general_report_claim,围岩极破碎,,,supported,key_cell,forecast_support,none,,1.0,找到可支撑的结构化证据。,DyK1013+445.00_伯舒拉岭隧道进口右线水平声波剖面法超前地质预报报告(DyK1013+445～DyK1013+545)-20231006_hsp_3;DyK1013+525.00_伯舒拉岭隧道进口右线水平声波剖面法超前地质预报报告(DyK1013+525～DyK1013+625)-20231012_hsp_0;DyK1013+525.00_伯舒拉岭隧道进口右线水平声波剖面法超前地质预报报告(DyK1013+525～DyK1013+625)-20231012_hsp_1,DyK1013+445.00_伯舒拉岭隧道进口右线水平声波剖面法超前地质预报报告(DyK1013+445～DyK1013+545)-20231006_hsp_3;DyK1013+525.00_伯舒拉岭隧道进口右线水平声波剖面法超前地质预报报告(DyK1013+525～DyK1013+625)-20231012_hsp_0;DyK1013+525.00_伯舒拉岭隧道进口右线水平声波剖面法超前地质预报报告(DyK1013+525～DyK1013+625)-20231012_hsp_1,0,79,0.8033,12,3,experiments\exp02_llm_generation_modes\outputs_real_91dates_structured_trace_v1_merged\reports\2023-10-14\M3_twin_evidence_pack_llm\report.md,experiments\exp02_llm_generation_modes\outputs_real_91dates_structured_trace_v1_merged\reports\2023-10-14\M3_twin_evidence_pack_llm\quality_summary.json,experiments\exp02_llm_generation_modes\outputs_real_91dates_structured_trace_v1_merged\reports\2023-10-14\M3_twin_evidence_pack_llm\trace_summary.json,experiments\exp02_llm_generation_modes\outputs_real_91dates_structured_trace_v1_merged\reports\2023-10-14\M3_twin_evidence_pack_llm\boundary_summary.json,,,
S026,2023-09-24,M4_full_twin_governance_trace_boundary_reviser,M4,grounded_control,claim_0054,5. 当日出现多次异常扭矩事件，虽持续时间较短，但需结合地质条件分析原因，防止因围岩软硬突变导致设备异常。,operation,statistical_summary,,,,supported,operation_context,statistical_support,none,,1.0,找到可支撑的结构化证据。,,,0,100,0.9333,3,1,experiments\exp02_llm_generation_modes\outputs_real_91dates_structured_trace_v1_merged\reports\2023-09-24\M4_full_twin_governance_trace_boundary_reviser\report.md,experiments\exp02_llm_generation_modes\outputs_real_91dates_structured_trace_v1_merged\reports\2023-09-24\M4_full_twin_governance_trace_boundary_reviser\quality_summary.json,experiments\exp02_llm_generation_modes\outputs_real_91dates_structured_trace_v1_merged\reports\2023-09-24\M4_full_twin_governance_trace_boundary_reviser\trace_summary.json,experiments\exp02_llm_generation_modes\outputs_real_91dates_structured_trace_v1_merged\reports\2023-09-24\M4_full_twin_governance_trace_boundary_reviser\boundary_summary.json,,,
S027,2023-10-02,M2_raw_evidence_llm,M2,grounded_control,claim_0031,- RAI 的主要贡献项为停机占比（stop_component）。,coupling,general_report_claim,RAI,,,supported,coupling_context,coupling_review_support,none,,1.0,找到可支撑的结构化证据。,,,0,74,0.6515,23,7,experiments\exp02_llm_generation_modes\outputs_real_91dates_structured_trace_v1_merged\reports\2023-10-02\M2_raw_evidence_llm\report.md,experiments\exp02_llm_generation_modes\outputs_real_91dates_structured_trace_v1_merged\reports\2023-10-02\M2_raw_evidence_llm\quality_summary.json,experiments\exp02_llm_generation_modes\outputs_real_91dates_structured_trace_v1_merged\reports\2023-10-02\M2_raw_evidence_llm\trace_summary.json,experiments\exp02_llm_generation_modes\outputs_real_91dates_structured_trace_v1_merged\reports\2023-10-02\M2_raw_evidence_llm\boundary_summary.json,,,
S028,2023-12-25,M1_direct_llm,M1,boundary_violation,,前方关注区段，目前无已发生,,,,,,boundary_violation,,,forward_fact_misuse,boundary:forward_fact_misuse,,,,,1,69,0.7647,8,4,experiments\exp02_llm_generation_modes\outputs_real_91dates_structured_trace_v1_merged\reports\2023-12-25\M1_direct_llm\report.md,experiments\exp02_llm_generation_modes\outputs_real_91dates_structured_trace_v1_merged\reports\2023-12-25\M1_direct_llm\quality_summary.json,experiments\exp02_llm_generation_modes\outputs_real_91dates_structured_trace_v1_merged\reports\2023-12-25\M1_direct_llm\trace_summary.json,experiments\exp02_llm_generation_modes\outputs_real_91dates_structured_trace_v1_merged\reports\2023-12-25\M1_direct_llm\boundary_summary.json,,,
S029,2023-09-24,M1_direct_llm,M1,boundary_violation,,前方关注区段，目前无已发生,,,,,,boundary_violation,,,forward_fact_misuse,boundary:forward_fact_misuse,,,,,1,74,0.8205,7,4,experiments\exp02_llm_generation_modes\outputs_real_91dates_structured_trace_v1_merged\reports\2023-09-24\M1_direct_llm\report.md,experiments\exp02_llm_generation_modes\outputs_real_91dates_structured_trace_v1_merged\reports\2023-09-24\M1_direct_llm\quality_summary.json,experiments\exp02_llm_generation_modes\outputs_real_91dates_structured_trace_v1_merged\reports\2023-09-24\M1_direct_llm\trace_summary.json,experiments\exp02_llm_generation_modes\outputs_real_91dates_structured_trace_v1_merged\reports\2023-09-24\M1_direct_llm\boundary_summary.json,,,
S030,2023-11-21,M1_direct_llm,M1,boundary_violation,,前方 30 米范围已纳入分析视野，但本报告不将其作为已发生,,,,,,boundary_violation,,,forward_fact_misuse,boundary:forward_fact_misuse,,,,,1,69,0.7347,13,5,experiments\exp02_llm_generation_modes\outputs_real_91dates_structured_trace_v1_merged\reports\2023-11-21\M1_direct_llm\report.md,experiments\exp02_llm_generation_modes\outputs_real_91dates_structured_trace_v1_merged\reports\2023-11-21\M1_direct_llm\quality_summary.json,experiments\exp02_llm_generation_modes\outputs_real_91dates_structured_trace_v1_merged\reports\2023-11-21\M1_direct_llm\trace_summary.json,experiments\exp02_llm_generation_modes\outputs_real_91dates_structured_trace_v1_merged\reports\2023-11-21\M1_direct_llm\boundary_summary.json,,,
S031,2023-12-02,M2_raw_evidence_llm,M2,boundary_violation,,前方地质情况不明，且已揭露,,,,,,boundary_violation,,,forward_fact_misuse,boundary:forward_fact_misuse,,,,,1,84,0.8158,7,0,experiments\exp02_llm_generation_modes\outputs_real_91dates_structured_trace_v1_merged\reports\2023-12-02\M2_raw_evidence_llm\report.md,experiments\exp02_llm_generation_modes\outputs_real_91dates_structured_trace_v1_merged\reports\2023-12-02\M2_raw_evidence_llm\quality_summary.json,experiments\exp02_llm_generation_modes\outputs_real_91dates_structured_trace_v1_merged\reports\2023-12-02\M2_raw_evidence_llm\trace_summary.json,experiments\exp02_llm_generation_modes\outputs_real_91dates_structured_trace_v1_merged\reports\2023-12-02\M2_raw_evidence_llm\boundary_summary.json,,,
S032,2023-10-25,M2_raw_evidence_llm,M2,boundary_violation,,前方 0-30m 范围，综合地质预报与已揭露,,,,,,boundary_violation,,,forward_fact_misuse,boundary:forward_fact_misuse,,,,,2,69,0.7447,12,1,experiments\exp02_llm_generation_modes\outputs_real_91dates_structured_trace_v1_merged\reports\2023-10-25\M2_raw_evidence_llm\report.md,experiments\exp02_llm_generation_modes\outputs_real_91dates_structured_trace_v1_merged\reports\2023-10-25\M2_raw_evidence_llm\quality_summary.json,experiments\exp02_llm_generation_modes\outputs_real_91dates_structured_trace_v1_merged\reports\2023-10-25\M2_raw_evidence_llm\trace_summary.json,experiments\exp02_llm_generation_modes\outputs_real_91dates_structured_trace_v1_merged\reports\2023-10-25\M2_raw_evidence_llm\boundary_summary.json,,,
S033,2023-09-27,M2_raw_evidence_llm,M2,boundary_violation,,前方预测，并非现场已揭露,,,,,,boundary_violation,,,forward_fact_misuse,boundary:forward_fact_misuse,,,,,1,79,0.8182,8,3,experiments\exp02_llm_generation_modes\outputs_real_91dates_structured_trace_v1_merged\reports\2023-09-27\M2_raw_evidence_llm\report.md,experiments\exp02_llm_generation_modes\outputs_real_91dates_structured_trace_v1_merged\reports\2023-09-27\M2_raw_evidence_llm\quality_summary.json,experiments\exp02_llm_generation_modes\outputs_real_91dates_structured_trace_v1_merged\reports\2023-09-27\M2_raw_evidence_llm\trace_summary.json,experiments\exp02_llm_generation_modes\outputs_real_91dates_structured_trace_v1_merged\reports\2023-09-27\M2_raw_evidence_llm\boundary_summary.json,,,
S034,2023-10-18,M3_twin_evidence_pack_llm,M3,boundary_violation,,GRCI、RAI 等指标均为关注度指标，非灾害或风险概率,,,,,,boundary_violation,,,grci_probability_misuse,boundary:grci_probability_misuse,,,,,1,18,0.8448,9,1,experiments\exp02_llm_generation_modes\outputs_real_91dates_structured_trace_v1_merged\reports\2023-10-18\M3_twin_evidence_pack_llm\report.md,experiments\exp02_llm_generation_modes\outputs_real_91dates_structured_trace_v1_merged\reports\2023-10-18\M3_twin_evidence_pack_llm\quality_summary.json,experiments\exp02_llm_generation_modes\outputs_real_91dates_structured_trace_v1_merged\reports\2023-10-18\M3_twin_evidence_pack_llm\trace_summary.json,experiments\exp02_llm_generation_modes\outputs_real_91dates_structured_trace_v1_merged\reports\2023-10-18\M3_twin_evidence_pack_llm\boundary_summary.json,,,
S035,2023-09-18,M3_twin_evidence_pack_llm,M3,boundary_violation,,cutterhead_power_proxy` 等指标为相对负载代理指标，不代表真实物理功率,,,,,,boundary_violation,,,plc_proxy_misuse,boundary:plc_proxy_misuse,,,,,1,69,0.746,16,1,experiments\exp02_llm_generation_modes\outputs_real_91dates_structured_trace_v1_merged\reports\2023-09-18\M3_twin_evidence_pack_llm\report.md,experiments\exp02_llm_generation_modes\outputs_real_91dates_structured_trace_v1_merged\reports\2023-09-18\M3_twin_evidence_pack_llm\quality_summary.json,experiments\exp02_llm_generation_modes\outputs_real_91dates_structured_trace_v1_merged\reports\2023-09-18\M3_twin_evidence_pack_llm\trace_summary.json,experiments\exp02_llm_generation_modes\outputs_real_91dates_structured_trace_v1_merged\reports\2023-09-18\M3_twin_evidence_pack_llm\boundary_summary.json,,,
S036,2023-10-15,M2_raw_evidence_llm,M2,boundary_violation,,前方预测，并非现场已揭露,,,,,,boundary_violation,,,forward_fact_misuse,boundary:forward_fact_misuse,,,,,1,74,0.775,9,1,experiments\exp02_llm_generation_modes\outputs_real_91dates_structured_trace_v1_merged\reports\2023-10-15\M2_raw_evidence_llm\report.md,experiments\exp02_llm_generation_modes\outputs_real_91dates_structured_trace_v1_merged\reports\2023-10-15\M2_raw_evidence_llm\quality_summary.json,experiments\exp02_llm_generation_modes\outputs_real_91dates_structured_trace_v1_merged\reports\2023-10-15\M2_raw_evidence_llm\trace_summary.json,experiments\exp02_llm_generation_modes\outputs_real_91dates_structured_trace_v1_merged\reports\2023-10-15\M2_raw_evidence_llm\boundary_summary.json,,,
S037,2023-12-07,M2_raw_evidence_llm,M2,boundary_violation,,前方地质情况不明，且后方已揭露,,,,,,boundary_violation,,,forward_fact_misuse,boundary:forward_fact_misuse,,,,,1,74,0.641,14,5,experiments\exp02_llm_generation_modes\outputs_real_91dates_structured_trace_v1_merged\reports\2023-12-07\M2_raw_evidence_llm\report.md,experiments\exp02_llm_generation_modes\outputs_real_91dates_structured_trace_v1_merged\reports\2023-12-07\M2_raw_evidence_llm\quality_summary.json,experiments\exp02_llm_generation_modes\outputs_real_91dates_structured_trace_v1_merged\reports\2023-12-07\M2_raw_evidence_llm\trace_summary.json,experiments\exp02_llm_generation_modes\outputs_real_91dates_structured_trace_v1_merged\reports\2023-12-07\M2_raw_evidence_llm\boundary_summary.json,,,
S038,2023-09-28,M1_direct_llm,M1,other_checker_flag,claim_0040,- **关注区段：** 前方 30 米，里程范围 DK1013+370 至 DK1013+400（共 3 个单元）。,forward_segment,forward_attention,,30.0,,partially_supported,forward_segment,forward_attention_support,scope_warning,,0.6,找到可支撑的结构化证据。; forward_segment 已命中，但 source_trace 为空。,,,0,84,0.875,5,4,experiments\exp02_llm_generation_modes\outputs_real_91dates_structured_trace_v1_merged\reports\2023-09-28\M1_direct_llm\report.md,experiments\exp02_llm_generation_modes\outputs_real_91dates_structured_trace_v1_merged\reports\2023-09-28\M1_direct_llm\quality_summary.json,experiments\exp02_llm_generation_modes\outputs_real_91dates_structured_trace_v1_merged\reports\2023-09-28\M1_direct_llm\trace_summary.json,experiments\exp02_llm_generation_modes\outputs_real_91dates_structured_trace_v1_merged\reports\2023-09-28\M1_direct_llm\boundary_summary.json,,,
S039,2023-12-18,M2_raw_evidence_llm,M2,other_checker_flag,claim_0078,2.  **地质风险：** 当前掌子面及前方 0-10m 范围地质条件预测为Ⅳ级围岩，围岩极破碎，存在掉块风险。,forward_segment,forward_attention,围岩极破碎,0.0,,partially_supported,forward_segment,forward_attention_support,role_warning,,0.6,找到可支撑的结构化证据。; forward_segment 已命中，但 source_trace 为空。,,,0,74,0.6528,25,5,experiments\exp02_llm_generation_modes\outputs_real_91dates_structured_trace_v1_merged\reports\2023-12-18\M2_raw_evidence_llm\report.md,experiments\exp02_llm_generation_modes\outputs_real_91dates_structured_trace_v1_merged\reports\2023-12-18\M2_raw_evidence_llm\quality_summary.json,experiments\exp02_llm_generation_modes\outputs_real_91dates_structured_trace_v1_merged\reports\2023-12-18\M2_raw_evidence_llm\trace_summary.json,experiments\exp02_llm_generation_modes\outputs_real_91dates_structured_trace_v1_merged\reports\2023-12-18\M2_raw_evidence_llm\boundary_summary.json,,,
S040,2023-12-20,M3_twin_evidence_pack_llm,M3,other_checker_flag,claim_0055,*   **20-30m (DK1014+504 ~ DK1014+514):** 关注等级“中等”。,forward_segment,general_report_claim,,20.0,,partially_supported,forward_segment,forward_attention_support,scope_warning,,0.6,找到可支撑的结构化证据。; forward_segment 已命中，但 source_trace 为空。,,,0,54,0.7705,14,3,experiments\exp02_llm_generation_modes\outputs_real_91dates_structured_trace_v1_merged\reports\2023-12-20\M3_twin_evidence_pack_llm\report.md,experiments\exp02_llm_generation_modes\outputs_real_91dates_structured_trace_v1_merged\reports\2023-12-20\M3_twin_evidence_pack_llm\quality_summary.json,experiments\exp02_llm_generation_modes\outputs_real_91dates_structured_trace_v1_merged\reports\2023-12-20\M3_twin_evidence_pack_llm\trace_summary.json,experiments\exp02_llm_generation_modes\outputs_real_91dates_structured_trace_v1_merged\reports\2023-12-20\M3_twin_evidence_pack_llm\boundary_summary.json,,,
S041,2023-10-07,M4_full_twin_governance_trace_boundary_reviser,M4,other_checker_flag,claim_0013,前方 30 m 范围内地质预报显示围岩以Ⅳ级为主，局部为Ⅴ级，需关注掉块、稳定性较差及围岩破碎等风险。,forward_segment,forward_attention,围岩破碎,30.0,m,partially_supported,forward_segment,forward_attention_support,role_warning,,0.6,找到可支撑的结构化证据。; forward_segment 已命中，但 source_trace 为空。,,,0,100,0.9333,3,0,experiments\exp02_llm_generation_modes\outputs_real_91dates_structured_trace_v1_merged\reports\2023-10-07\M4_full_twin_governance_trace_boundary_reviser\report.md,experiments\exp02_llm_generation_modes\outputs_real_91dates_structured_trace_v1_merged\reports\2023-10-07\M4_full_twin_governance_trace_boundary_reviser\quality_summary.json,experiments\exp02_llm_generation_modes\outputs_real_91dates_structured_trace_v1_merged\reports\2023-10-07\M4_full_twin_governance_trace_boundary_reviser\trace_summary.json,experiments\exp02_llm_generation_modes\outputs_real_91dates_structured_trace_v1_merged\reports\2023-10-07\M4_full_twin_governance_trace_boundary_reviser\boundary_summary.json,,,
S042,2023-10-20,M4_full_twin_governance_trace_boundary_reviser,M4,other_checker_flag,claim_0059,4. 前方 10-30 m 范围证据不确定性较高，建议结合现场揭示进行核查，不将缺证解释为低风险。,forward_segment,forward_attention,,10.0,,partially_supported,forward_segment,forward_attention_support,role_warning,,0.6,找到可支撑的结构化证据。; forward_segment 已命中，但 source_trace 为空。,,,0,95,0.9796,1,0,experiments\exp02_llm_generation_modes\outputs_real_91dates_structured_trace_v1_merged\reports\2023-10-20\M4_full_twin_governance_trace_boundary_reviser\report.md,experiments\exp02_llm_generation_modes\outputs_real_91dates_structured_trace_v1_merged\reports\2023-10-20\M4_full_twin_governance_trace_boundary_reviser\quality_summary.json,experiments\exp02_llm_generation_modes\outputs_real_91dates_structured_trace_v1_merged\reports\2023-10-20\M4_full_twin_governance_trace_boundary_reviser\trace_summary.json,experiments\exp02_llm_generation_modes\outputs_real_91dates_structured_trace_v1_merged\reports\2023-10-20\M4_full_twin_governance_trace_boundary_reviser\boundary_summary.json,,,
S043,2023-09-28,M4_full_twin_governance_trace_boundary_reviser,M4,numeric_error,claim_0069,5. 当前 Evidence Pack 未提供足够证据，不作扩展判断。,unknown,general_report_claim,,,,unsupported,none,none,overclaim,E10_NUMERIC_VALUE_UNGROUNDED,0.0,,,,0,100,0.8814,7,4,experiments\exp02_llm_generation_modes\outputs_real_91dates_structured_trace_v1_merged\reports\2023-09-28\M4_full_twin_governance_trace_boundary_reviser\report.md,experiments\exp02_llm_generation_modes\outputs_real_91dates_structured_trace_v1_merged\reports\2023-09-28\M4_full_twin_governance_trace_boundary_reviser\quality_summary.json,experiments\exp02_llm_generation_modes\outputs_real_91dates_structured_trace_v1_merged\reports\2023-09-28\M4_full_twin_governance_trace_boundary_reviser\trace_summary.json,experiments\exp02_llm_generation_modes\outputs_real_91dates_structured_trace_v1_merged\reports\2023-09-28\M4_full_twin_governance_trace_boundary_reviser\boundary_summary.json,,,
S044,2023-10-16,M4_full_twin_governance_trace_boundary_reviser,M4,unsupported_or_mismatch,claim_0053,3. 已掘区段（DK1013+610–DK1013+630）地质-施工响应耦合关注度为 medium，围岩破碎、掉块风险持续存在，建议加强支护参数复核。,geology_cell,general_report_claim,围岩破碎,1013.0,,unsupported,none,none,scope_mismatch,E1_UNSUPPORTED_CLAIM,0.0,未找到与该 DK 区段对应的 key_cell。,,,0,100,0.8182,8,0,experiments\exp02_llm_generation_modes\outputs_real_91dates_structured_trace_v1_merged\reports\2023-10-16\M4_full_twin_governance_trace_boundary_reviser\report.md,experiments\exp02_llm_generation_modes\outputs_real_91dates_structured_trace_v1_merged\reports\2023-10-16\M4_full_twin_governance_trace_boundary_reviser\quality_summary.json,experiments\exp02_llm_generation_modes\outputs_real_91dates_structured_trace_v1_merged\reports\2023-10-16\M4_full_twin_governance_trace_boundary_reviser\trace_summary.json,experiments\exp02_llm_generation_modes\outputs_real_91dates_structured_trace_v1_merged\reports\2023-10-16\M4_full_twin_governance_trace_boundary_reviser\boundary_summary.json,,,
S045,2023-12-21,M4_full_twin_governance_trace_boundary_reviser,M4,numeric_error,claim_0008,当日 TBM 施工日期为 2023年12月21日。,unknown,general_report_claim,,2023.0,,unsupported,none,none,overclaim,E10_NUMERIC_VALUE_UNGROUNDED,0.0,,,,0,100,0.8824,6,2,experiments\exp02_llm_generation_modes\outputs_real_91dates_structured_trace_v1_merged\reports\2023-12-21\M4_full_twin_governance_trace_boundary_reviser\report.md,experiments\exp02_llm_generation_modes\outputs_real_91dates_structured_trace_v1_merged\reports\2023-12-21\M4_full_twin_governance_trace_boundary_reviser\quality_summary.json,experiments\exp02_llm_generation_modes\outputs_real_91dates_structured_trace_v1_merged\reports\2023-12-21\M4_full_twin_governance_trace_boundary_reviser\trace_summary.json,experiments\exp02_llm_generation_modes\outputs_real_91dates_structured_trace_v1_merged\reports\2023-12-21\M4_full_twin_governance_trace_boundary_reviser\boundary_summary.json,,,
S046,2023-12-15,M4_full_twin_governance_trace_boundary_reviser,M4,unsupported_or_mismatch,claim_0028,状态间存在多次切换。,unknown,general_report_claim,,,,unsupported,none,none,overclaim,E11_HEADING_FALSE_POSITIVE,0.0,,,,0,100,0.8431,8,2,experiments\exp02_llm_generation_modes\outputs_real_91dates_structured_trace_v1_merged\reports\2023-12-15\M4_full_twin_governance_trace_boundary_reviser\report.md,experiments\exp02_llm_generation_modes\outputs_real_91dates_structured_trace_v1_merged\reports\2023-12-15\M4_full_twin_governance_trace_boundary_reviser\quality_summary.json,experiments\exp02_llm_generation_modes\outputs_real_91dates_structured_trace_v1_merged\reports\2023-12-15\M4_full_twin_governance_trace_boundary_reviser\trace_summary.json,experiments\exp02_llm_generation_modes\outputs_real_91dates_structured_trace_v1_merged\reports\2023-12-15\M4_full_twin_governance_trace_boundary_reviser\boundary_summary.json,,,
S047,2023-12-05,M4_full_twin_governance_trace_boundary_reviser,M4,other_checker_flag,claim_0046,10-20m 范围（DK1014+309～DK1014+319）和 20-30m 范围（DK1014+319～DK1014+329）未形成有效地质证据覆盖，不宜据此判断为低风险，建议结合现场揭示和后续预报资料补充核查。,forward_segment,general_report_claim,,10.0,,partially_supported,forward_segment,forward_attention_support,scope_warning,,0.6,找到可支撑的结构化证据。; forward_segment 已命中，但 source_trace 为空。,,,0,95,0.907,4,1,experiments\exp02_llm_generation_modes\outputs_real_91dates_structured_trace_v1_merged\reports\2023-12-05\M4_full_twin_governance_trace_boundary_reviser\report.md,experiments\exp02_llm_generation_modes\outputs_real_91dates_structured_trace_v1_merged\reports\2023-12-05\M4_full_twin_governance_trace_boundary_reviser\quality_summary.json,experiments\exp02_llm_generation_modes\outputs_real_91dates_structured_trace_v1_merged\reports\2023-12-05\M4_full_twin_governance_trace_boundary_reviser\trace_summary.json,experiments\exp02_llm_generation_modes\outputs_real_91dates_structured_trace_v1_merged\reports\2023-12-05\M4_full_twin_governance_trace_boundary_reviser\boundary_summary.json,,,
S048,2023-11-30,M4_full_twin_governance_trace_boundary_reviser,M4,numeric_error,claim_0007,本日报覆盖日期为 2023 年 11 月 30 日。,unknown,general_report_claim,,2023.0,,unsupported,none,none,overclaim,E10_NUMERIC_VALUE_UNGROUNDED,0.0,,,,0,100,0.8298,8,2,experiments\exp02_llm_generation_modes\outputs_real_91dates_structured_trace_v1_merged\reports\2023-11-30\M4_full_twin_governance_trace_boundary_reviser\report.md,experiments\exp02_llm_generation_modes\outputs_real_91dates_structured_trace_v1_merged\reports\2023-11-30\M4_full_twin_governance_trace_boundary_reviser\quality_summary.json,experiments\exp02_llm_generation_modes\outputs_real_91dates_structured_trace_v1_merged\reports\2023-11-30\M4_full_twin_governance_trace_boundary_reviser\trace_summary.json,experiments\exp02_llm_generation_modes\outputs_real_91dates_structured_trace_v1_merged\reports\2023-11-30\M4_full_twin_governance_trace_boundary_reviser\boundary_summary.json,,,
S049,2023-12-14,M4_full_twin_governance_trace_boundary_reviser,M4,unsupported_or_mismatch,claim_0023,当日 PLC 数据聚类识别出多种施工状态。,unknown,general_report_claim,PLC,,,unsupported,none,none,overclaim,E11_HEADING_FALSE_POSITIVE,0.0,,,,0,95,0.9216,4,1,experiments\exp02_llm_generation_modes\outputs_real_91dates_structured_trace_v1_merged\reports\2023-12-14\M4_full_twin_governance_trace_boundary_reviser\report.md,experiments\exp02_llm_generation_modes\outputs_real_91dates_structured_trace_v1_merged\reports\2023-12-14\M4_full_twin_governance_trace_boundary_reviser\quality_summary.json,experiments\exp02_llm_generation_modes\outputs_real_91dates_structured_trace_v1_merged\reports\2023-12-14\M4_full_twin_governance_trace_boundary_reviser\trace_summary.json,experiments\exp02_llm_generation_modes\outputs_real_91dates_structured_trace_v1_merged\reports\2023-12-14\M4_full_twin_governance_trace_boundary_reviser\boundary_summary.json,,,
S050,2023-10-19,M4_full_twin_governance_trace_boundary_reviser,M4,other_checker_flag,claim_0053,- 0-10 m（DK1013+707 ～ DK1013+717）：attention_level medium，不确定性低，建议重点复核稳定性较差、围岩极破碎、掉块、裂隙密集等迹象，关注支护时效。,forward_segment,general_report_claim,围岩极破碎,0.0,,partially_supported,forward_segment,forward_attention_support,scope_warning,,0.6,找到可支撑的结构化证据。; forward_segment 已命中，但 source_trace 为空。,,,0,95,0.96,2,0,experiments\exp02_llm_generation_modes\outputs_real_91dates_structured_trace_v1_merged\reports\2023-10-19\M4_full_twin_governance_trace_boundary_reviser\report.md,experiments\exp02_llm_generation_modes\outputs_real_91dates_structured_trace_v1_merged\reports\2023-10-19\M4_full_twin_governance_trace_boundary_reviser\quality_summary.json,experiments\exp02_llm_generation_modes\outputs_real_91dates_structured_trace_v1_merged\reports\2023-10-19\M4_full_twin_governance_trace_boundary_reviser\trace_summary.json,experiments\exp02_llm_generation_modes\outputs_real_91dates_structured_trace_v1_merged\reports\2023-10-19\M4_full_twin_governance_trace_boundary_reviser\boundary_summary.json,,,
S051,2023-12-08,M4_full_twin_governance_trace_boundary_reviser,M4,other_checker_flag,claim_0071,5. 前方 10–30 m 范围缺乏有效地质证据覆盖，不宜据此判断为低风险，建议结合后续预报资料补充核查。,forward_segment,forward_attention,,10.0,,partially_supported,forward_segment,forward_attention_support,role_warning,,0.6,找到可支撑的结构化证据。; forward_segment 已命中，但 source_trace 为空。,,,0,100,0.8833,7,3,experiments\exp02_llm_generation_modes\outputs_real_91dates_structured_trace_v1_merged\reports\2023-12-08\M4_full_twin_governance_trace_boundary_reviser\report.md,experiments\exp02_llm_generation_modes\outputs_real_91dates_structured_trace_v1_merged\reports\2023-12-08\M4_full_twin_governance_trace_boundary_reviser\quality_summary.json,experiments\exp02_llm_generation_modes\outputs_real_91dates_structured_trace_v1_merged\reports\2023-12-08\M4_full_twin_governance_trace_boundary_reviser\trace_summary.json,experiments\exp02_llm_generation_modes\outputs_real_91dates_structured_trace_v1_merged\reports\2023-12-08\M4_full_twin_governance_trace_boundary_reviser\boundary_summary.json,,,
S052,2023-12-26,M4_full_twin_governance_trace_boundary_reviser,M4,other_checker_flag,claim_0047,- **0~10 m（DK1014+557~DK1014+567）**：主要地质关注为明显反射异常、围岩极破碎、掉块、裂隙密集，综合关注等级为中等，置信度较高，不确定性低。,forward_segment,general_report_claim,围岩极破碎,0.0,,partially_supported,forward_segment,forward_attention_support,scope_warning,,0.6,找到可支撑的结构化证据。; forward_segment 已命中，但 source_trace 为空。,,,0,100,0.9565,2,0,experiments\exp02_llm_generation_modes\outputs_real_91dates_structured_trace_v1_merged\reports\2023-12-26\M4_full_twin_governance_trace_boundary_reviser\report.md,experiments\exp02_llm_generation_modes\outputs_real_91dates_structured_trace_v1_merged\reports\2023-12-26\M4_full_twin_governance_trace_boundary_reviser\quality_summary.json,experiments\exp02_llm_generation_modes\outputs_real_91dates_structured_trace_v1_merged\reports\2023-12-26\M4_full_twin_governance_trace_boundary_reviser\trace_summary.json,experiments\exp02_llm_generation_modes\outputs_real_91dates_structured_trace_v1_merged\reports\2023-12-26\M4_full_twin_governance_trace_boundary_reviser\boundary_summary.json,,,
S053,2023-12-15,M4_full_twin_governance_trace_boundary_reviser,M4,unsupported_or_mismatch,claim_0018,过渡模式及异常模式占比较低。,unknown,general_report_claim,,,,unsupported,none,none,overclaim,E11_HEADING_FALSE_POSITIVE,0.0,,,,0,100,0.8431,8,2,experiments\exp02_llm_generation_modes\outputs_real_91dates_structured_trace_v1_merged\reports\2023-12-15\M4_full_twin_governance_trace_boundary_reviser\report.md,experiments\exp02_llm_generation_modes\outputs_real_91dates_structured_trace_v1_merged\reports\2023-12-15\M4_full_twin_governance_trace_boundary_reviser\quality_summary.json,experiments\exp02_llm_generation_modes\outputs_real_91dates_structured_trace_v1_merged\reports\2023-12-15\M4_full_twin_governance_trace_boundary_reviser\trace_summary.json,experiments\exp02_llm_generation_modes\outputs_real_91dates_structured_trace_v1_merged\reports\2023-12-15\M4_full_twin_governance_trace_boundary_reviser\boundary_summary.json,,,
S054,2023-12-18,M4_full_twin_governance_trace_boundary_reviser,M4,other_checker_flag,claim_0007,前方 0–30 m 范围整体关注等级为 low，但 0–10 m 段存在围岩极破碎、掉块等地质关注点。,forward_segment,forward_attention,围岩极破碎,0.0,,partially_supported,forward_segment,forward_attention_support,role_warning,,0.6,找到可支撑的结构化证据。; forward_segment 已命中，但 source_trace 为空。,,,0,100,0.8723,6,2,experiments\exp02_llm_generation_modes\outputs_real_91dates_structured_trace_v1_merged\reports\2023-12-18\M4_full_twin_governance_trace_boundary_reviser\report.md,experiments\exp02_llm_generation_modes\outputs_real_91dates_structured_trace_v1_merged\reports\2023-12-18\M4_full_twin_governance_trace_boundary_reviser\quality_summary.json,experiments\exp02_llm_generation_modes\outputs_real_91dates_structured_trace_v1_merged\reports\2023-12-18\M4_full_twin_governance_trace_boundary_reviser\trace_summary.json,experiments\exp02_llm_generation_modes\outputs_real_91dates_structured_trace_v1_merged\reports\2023-12-18\M4_full_twin_governance_trace_boundary_reviser\boundary_summary.json,,,
S055,2023-12-20,M4_full_twin_governance_trace_boundary_reviser,M4,unsupported_or_mismatch,claim_0021,当日PLC数据聚类识别出多种运行状态。,unknown,general_report_claim,PLC,,,unsupported,none,none,overclaim,E11_HEADING_FALSE_POSITIVE,0.0,,,,0,100,0.9,5,1,experiments\exp02_llm_generation_modes\outputs_real_91dates_structured_trace_v1_merged\reports\2023-12-20\M4_full_twin_governance_trace_boundary_reviser\report.md,experiments\exp02_llm_generation_modes\outputs_real_91dates_structured_trace_v1_merged\reports\2023-12-20\M4_full_twin_governance_trace_boundary_reviser\quality_summary.json,experiments\exp02_llm_generation_modes\outputs_real_91dates_structured_trace_v1_merged\reports\2023-12-20\M4_full_twin_governance_trace_boundary_reviser\trace_summary.json,experiments\exp02_llm_generation_modes\outputs_real_91dates_structured_trace_v1_merged\reports\2023-12-20\M4_full_twin_governance_trace_boundary_reviser\boundary_summary.json,,,
S056,2023-12-21,M4_full_twin_governance_trace_boundary_reviser,M4,other_checker_flag,claim_0050,- 0-10m（DK1014+491～DK1014+501）：关注等级低，主要地质关注为围岩破碎、明显反射异常、裂隙发育、掉块，融合围岩等级Ⅳ级，置信度低，不确定性高。,forward_segment,general_report_claim,围岩破碎,0.0,,partially_supported,forward_segment,forward_attention_support,scope_warning,,0.6,找到可支撑的结构化证据。; forward_segment 已命中，但 source_trace 为空。,,,0,100,0.8824,6,2,experiments\exp02_llm_generation_modes\outputs_real_91dates_structured_trace_v1_merged\reports\2023-12-21\M4_full_twin_governance_trace_boundary_reviser\report.md,experiments\exp02_llm_generation_modes\outputs_real_91dates_structured_trace_v1_merged\reports\2023-12-21\M4_full_twin_governance_trace_boundary_reviser\quality_summary.json,experiments\exp02_llm_generation_modes\outputs_real_91dates_structured_trace_v1_merged\reports\2023-12-21\M4_full_twin_governance_trace_boundary_reviser\trace_summary.json,experiments\exp02_llm_generation_modes\outputs_real_91dates_structured_trace_v1_merged\reports\2023-12-21\M4_full_twin_governance_trace_boundary_reviser\boundary_summary.json,,,
S057,2023-12-28,M4_full_twin_governance_trace_boundary_reviser,M4,unsupported_or_mismatch,claim_0052,以上前方地质关注提示基于超前地质预报证据，需结合后续掘进揭示进行复核。,forward_segment,forward_attention,,,,unsupported,none,none,overclaim,E11_HEADING_FALSE_POSITIVE,0.0,未找到对应的前方分段结构化证据。,,,0,90,0.8696,6,1,experiments\exp02_llm_generation_modes\outputs_real_91dates_structured_trace_v1_merged\reports\2023-12-28\M4_full_twin_governance_trace_boundary_reviser\report.md,experiments\exp02_llm_generation_modes\outputs_real_91dates_structured_trace_v1_merged\reports\2023-12-28\M4_full_twin_governance_trace_boundary_reviser\quality_summary.json,experiments\exp02_llm_generation_modes\outputs_real_91dates_structured_trace_v1_merged\reports\2023-12-28\M4_full_twin_governance_trace_boundary_reviser\trace_summary.json,experiments\exp02_llm_generation_modes\outputs_real_91dates_structured_trace_v1_merged\reports\2023-12-28\M4_full_twin_governance_trace_boundary_reviser\boundary_summary.json,,,
